id,user_id,email
1,1,taylor55@gmail.com
2,1,gregory86@harris.com
3,2,joseph94@hotmail.com
4,3,gina55@gmail.com
5,3,ruben18@holloway.net
6,4,gsolomon@hotmail.com
7,4,triciashelton@moore-long.org
8,5,david11@mullins.biz
9,6,brandon21@hotmail.com
10,6,clarktammy@yahoo.com
11,7,nicholas03@morrow.info
12,8,garnerjames@matthews-evans.com
13,8,romerocindy@lee.biz
14,9,bernardnavarro@houston.com
15,10,oroman@davis-jenkins.biz
16,10,ibennett@yahoo.com
17,10,richmondjeremy@gmail.com
18,11,rossrhonda@yahoo.com
19,12,kellychristopher@harvey.com
20,12,ujenkins@soto.net
21,13,dunndavid@holmes-reynolds.com
22,14,billy45@hunter.com
23,15,graysherry@green.com
24,15,brian43@hotmail.com
25,16,michelleyoung@gmail.com
26,16,stephanie62@yahoo.com
27,17,igrant@navarro.com
28,17,tcampbell@russell.com
29,18,craigpatrick@hotmail.com
30,18,patrick36@nelson.com
31,18,zlee@hotmail.com
32,19,davisjohn@yahoo.com
33,19,gary63@stone-clark.com
34,20,xcox@austin.com
35,20,simpsoncindy@howard.com
36,21,garciadonna@rivera-morris.com
37,22,jessicaross@yahoo.com
38,22,jacob85@hotmail.com
39,23,woodstrevor@gmail.com
40,23,carrie50@bowman.com
41,24,ramosmonica@berry-williamson.com
42,24,jeremynorton@cohen-mccullough.com
43,25,tammiestanley@gmail.com
44,25,jessica04@bell-nguyen.org
45,25,alexandersmith@yahoo.com
46,26,johnsonjason@west-thompson.org
47,26,taralee@hotmail.com
48,27,hillvictor@reed-adams.com
49,27,melodyyoung@yahoo.com
50,28,yward@reed-jackson.biz
51,28,wlee@gmail.com
52,28,fsolis@perry.com
53,29,jacksonbryan@kerr-smith.org
54,30,spencercheryl@joseph.org
55,30,christine08@rogers-gomez.com
56,31,tprice@hotmail.com
57,31,fosborne@novak.biz
58,31,anthonylopez@woods-clark.info
59,32,rodrigueztami@griffith-roberts.com
60,32,oryan@yahoo.com
61,33,jmiller@gibson.com
62,33,jennifer80@salazar.com
63,33,joyceshelia@jordan-wiggins.info
64,34,geoffrey23@becker.com
65,35,millerchristopher@yahoo.com
66,35,zjuarez@alexander.com
67,36,gglover@hotmail.com
68,36,randy19@cummings.com
69,37,thomasrebecca@gutierrez.info
70,38,daviddavis@collins.net
71,38,asmith@harris-sullivan.net
72,39,qbailey@hill.com
73,40,haleaaron@smith-schwartz.com
74,40,scottdouglas@browning-miller.com
75,40,susanmills@yahoo.com
76,41,collinsmakayla@knight.com
77,41,ramostimothy@gmail.com
78,41,stephencurry@wise-werner.org
79,42,smithdustin@yahoo.com
80,42,garciaamber@cole.com
81,43,daniel69@reyes.com
82,43,jason05@barnes.com
83,43,rclark@yahoo.com
84,44,nicholas40@martin-davis.com
85,44,nataliegraham@gmail.com
86,44,zstone@gmail.com
87,45,heather04@yahoo.com
88,45,masonkeith@mata.info
89,46,john67@hotmail.com
90,47,smithmary@yahoo.com
91,47,tiffany38@lewis-reed.com
92,48,feliciapadilla@gmail.com
93,48,valeriecruz@yahoo.com
94,48,sanchezangela@hotmail.com
95,49,jean84@khan.com
96,49,james48@hernandez-castro.com
97,50,tonydavis@porter-hernandez.biz
