id,name,date_of_birth,password,login
1,Ronald Ross,1965-01-01,$2b$12$3zjC/dofsLs0iv/efluIROA7w3.xNV4l3af8O.IDirAolw9Uk5L8C,RRoss
2,Heather Jackson,1982-10-18,$2b$12$GjbmZKr2BWKf1NCkZO8fpesJiCGJyt6hsJn2tSRMXlmYu5t4m8/bi,HJackson
3,Ashley Michael,1969-08-09,$2b$12$1isvda1shvPhk3QbteleXezAxfJBkodHfQQhb0YpxQ6i5I7wNTS.i,AMichael
4,Cheryl Price,1978-11-30,$2b$12$co4ZoMZzYeFyBXOY.08K/O3F0mY/eHF.0V5CHPJvqBO2yRqtcd12.,CPrice
5,Laura Gonzalez,1989-11-07,$2b$12$btyaxyiwY6O2vvkS8e0MR.1jY/2iWWI1mEw4XAQCba.V1GdBQ1tKu,LGonzalez
6,Andrew Cowan,1979-05-10,$2b$12$5I65h1YXRfioR8bmnMdLuO4rqptcPDWc.M9UMQnGqh76hk00dPj..,ACowan
7,Michael Moore,1995-06-05,$2b$12$brbqu5bZPma2O/IOHhoDrOqiEQJgJRQZALFa1ShNPnEvqmywgkHay,MMoore
8,Tina Hester,1998-08-16,$2b$12$WWGtz162P0poHOQcKd5xi.8uvcBijc0FYxQvo0WVLidEN1TkVN.4W,THester
9,Laura Jackson,2000-08-09,$2b$12$odWOozYgafwLChk4ila5IuuhP/GFX0tLI4qsXbzUc47I3KNDC4SJi,LJackson
10,Heather Sanchez,2007-03-16,$2b$12$srddp52e3T/i4kL3TLem1.tFAFkPe1kzyTvorIgBOwbMEW0coSBli,HSanchez
11,Michael Thompson,1966-11-27,$2b$12$MJZSLHshIS1xkfgzPGNOKOVdgBCy7RU8bJVxyhZH/wjsR8eck1q/.,MThompson
12,Thomas Leon,1986-05-06,$2b$12$5SrxIntFXI1YUSCteMPpYOOjGeEFps3oFss1bnTX0DEzBCKIX87yO,TLeon
13,Garrett Jones,2006-12-23,$2b$12$DLZIXeHk54Fhh2O3bXAuqupIBeTjonxYltLM/ZSi13VlqqOIpl8Pm,GJones
14,Glen Wiggins,1972-06-01,$2b$12$ITe/VI/sUp9oOuxfvvNumeA6YVqSrVX7QZ.q9xyoymTUOLUrQJdH.,GWiggins
15,Cynthia Castro,2000-12-24,$2b$12$EYzmxpr0aJP1dE99/i2Z7.vjJGIrS1iGHs70X0/cAZwm/sh0NzXcW,CCastro
16,Denise Wright PhD,2000-02-29,$2b$12$VDMjEpxkBTNjx4a4.aA7b.tKvbWKVbf8g.eVRy/0diCna441fuEoq,Denisewrightphd
17,Glen Chavez,1979-11-05,$2b$12$9W9T11knPBClMdbTva64F.xGvgRD8xY5YJ679yY0fGspBT2ckREQ6,GChavez
18,Jason Frazier,2006-03-08,$2b$12$w38FT9RTU.XwPa8u/HBhYeSxMC7HVlGgHWjhjck8gjUT4v62W2YTe,JFrazier
19,Michael Chavez,1978-10-06,$2b$12$N2TSJUNTvWmTx0LrHs0hLuDHWuYdnQbslLBZkZdKXLLwKfLvQODgC,MChavez
20,Joshua Dominguez,1968-06-30,$2b$12$fPnMke4gRDZMMa/FRVulKOrYcf3ApmSC8wPt/WqF6p7gL91RcnRq.,JDominguez
21,William Gonzalez,1965-09-09,$2b$12$q0Hb/jD99cIeQZzk5gfxz.umi71sJCIA/Xmw6wC.U.pERVroC1KdO,WGonzalez
22,Heather Marks,1970-09-16,$2b$12$tUMoX3IY1G6e9Y56VtX6gu1wrt8w5RTce/Yjmxed6mBSbCzljmo12,HMarks
23,Theresa Suarez,2003-10-17,$2b$12$MUrXcdodfOrt44RPrJSen.77nqRJo5jn2wxXGlCM2H3Ba1fztcnSm,TSuarez
24,Anthony Gonzalez,1971-02-10,$2b$12$hBL/iZjBw5N8.W3msOvKKOKUJD1NY.GQYsRrAsi/nIaf2YDP1OTEu,AGonzalez
25,Glen Deleon,2006-06-05,$2b$12$xLtQsRtBHDwKGwFv3QInuOT4RQV6O/1HOOK8R5QlnuFR2l5eKa/Ii,GDeleon
26,Jason Zamora,1973-03-17,$2b$12$JGXWrfbTMTYhBKIALpdIMO70Tu/DoKZOk9337ALFZeq0yZBKMvXka,JZamora
27,Alejandro Gonzalez,1996-01-27,$2b$12$O2E7a2mQiiuzed8upeLjC.mizvZ92P7hBPF6U1s/RuTZGrZwQJjke,AGonzalez1
28,Michael Chavez,1999-10-25,$2b$12$wdaMUBcceT8VZ5a4g9aAZOgGs89AwJp056ktZbVADTc/XLurx4nFq,MChavez1
29,Brian Zamora,2006-09-13,$2b$12$QKZo1OZBN20ObcPIEDDPWehs1PwKChlbAN78HmPSQxdnbTKzfNZRS,BZamora
30,Lauren Bishop,1975-11-04,$2b$12$bAZpa2zAYskQDujA//ehYuz9Z6hBGxIPEgBBOhTSNB9HWJ8vJAoFK,LBishop
31,Katie Gonzalez,1977-05-02,$2b$12$9bq1CqP4ba8sgRBeBDl9duzmFX9M/r2UgljkJUl1O/XUd6rECig8q,KGonzalez
32,Christopher Jacobs,1988-05-26,$2b$12$D1lhA3CYza056v0EjgVZQecKKwTl1lbxYV/yqs.8XRiqSTe09s/0e,CJacobs
33,Karen Conway,1984-07-13,$2b$12$3eh4gKt0l7j5waxq5QjlW.vin6CADIU5Xe3Vq65rysHEL2yd2TUmS,KConway
34,Frances Guerra,1984-03-05,$2b$12$9Y4Zbrc0ap4a9JKAWGr17OMvvUvnekgVZFraHjIk7smnE0jilhBPu,FGuerra
35,Ashley Thompson,1996-04-09,$2b$12$OP1ZjjFn1ODp4XvuECwLnuX1huYv3LU1LETuRY6Q1LyD.9Kj4yEZe,AThompson
36,Joseph Pierce,1976-01-31,$2b$12$.JBB62TUlcQjmWdPoBIcsO4V8mSg4DQWP99V4iiXfCy2GLPc/KIzW,JPierce
37,Bobby Garcia,2000-06-28,$2b$12$fe0vVYwUX1UN0VhV1vmyo.mR8OGO.oYWa6YzpFhoQ7iDwSXv3nWBm,BGarcia
38,Anthony Jones,1964-11-13,$2b$12$rF3R0BMmZriug.oLte9ZhuGD88O1aswxRLuO/Jcnnyq7S8pKEZp8m,AJones
39,Leslie Thomas,1981-12-22,$2b$12$EVj8r8ITDrPSg6EZ9d1tE.ImHIjDarReT5fG.wkM5.yfj3zGvGFQW,LThomas
40,Kevin Ruiz,1984-09-13,$2b$12$f8nrjeU2sYaKFvRT280UIeDtJBiTghs2ubyhnS7/DFOUh3SNlIEUi,KRuiz
41,Laura Griffin,1969-05-24,$2b$12$Ki6tX99V0cErEiaPjpaqyeb469V4CZ2p.DEtjmnSd5jEmGzV6RBwm,LGriffin
42,Ashley Nelson,1983-06-23,$2b$12$a5jRS7OJ.Q2AP0oMH9PIIuOydSrME/rIaezY6pG7jsahf6QDl568e,ANelson
43,Joel Weaver,2001-11-01,$2b$12$H4ATrTBG.ej8gQZriswLHerZqlV8CzayizvaC7ghPfU7K1s8Q/Fxa,JWeaver
44,Thomas Deleon,1967-03-15,$2b$12$8N2TzBfmLt3.52Vya2ufvuG/hhZ86u9.hW/A7exJztEKU4JCi2meK,TDeleon
45,Anthony Wyatt,2002-10-20,$2b$12$HqkHHIWy8hHQ1LckpXe/QOfxvg0G6WUFmEmwSKzQ.VKfBVlaqQ.nW,AWyatt
46,Kelsey Lee,1987-02-09,$2b$12$BnBOWpgBv/s9Wm27qu2lgOxTynXjp2qut1AAJW8Z6ecmPMzBcTWAK,KLee
47,April Bennett,1999-02-13,$2b$12$I9Hjf2.GdwOprClXMYV5T.FBmeweVXIO09oN16NsLn1hS6ZGEJcTu,ABennett
48,Gerald Manning,1975-05-17,$2b$12$S0qRPvORQZK6JFV1R3MpyunkRWP7LwuCHVIHvoXgkKv20vRSTQ.6.,GManning
49,Nathaniel Wiggins,1973-07-17,$2b$12$fTD0YuOXH3gjs4b6e2N5gu1MTbjod840v7o4a4fyef8l2nR4kCQKa,NWiggins
50,Jason Young,1966-08-26,$2b$12$fmTLsYUrxVPUGIQSsqf5ZOpFJ.WjQUr5BVIbY52jcKnlj6h0MXeH.,JYoung
